Id Baladeur,Nom,Prénom,Téléphone,Mail,Mot de passe
1,Morel,Jeremy,671059268,jeremy.morel@yahoo.fr,nature
2,Faure,Julien,681524817,julien.faure@gmail.com,marche2026
3,Rey,Camille,696906020,camille.rey@yahoo.fr,soleil
4,Lefevre,Romain,628902054,romain.lefevre@yahoo.fr,soleil
5,Lemaire,Guillaume,664098739,guillaume.lemaire@wanadoo.fr,guillaume00
6,Fournier,Clara,697045955,clara.fournier@hotmail.com,marche2026
7,Morel,Marine,685988401,marine.morel@yahoo.fr,password
8,Rey,Florian,670155376,florian.rey@hotmail.com,nature
9,Martinez,Arnaud,643163971,arnaud.martinez@hotmail.com,arnaud00
10,Rey,Maxime,682810494,maxime.rey@outlook.fr,evasion
11,Dupont,Laura,650251841,laura.dupont@hotmail.com,nature
12,Leclerc,Sarah,668710810,sarah.leclerc@free.fr,evasion
13,Martinez,Julie,688564641,julie.martinez@outlook.fr,azerty
14,Brunet,Julien,616807566,julien.brunet@free.fr,password
15,Lefevre,Marie,686264315,marie.lefevre@outlook.fr,soleil
16,Fontaine,Guillaume,680502319,guillaume.fontaine@gmail.com,password
17,Dupont,Clement,630333509,clement.dupont@free.fr,evasion
18,Brun,Romain,616627194,romain.brun@wanadoo.fr,balade123
19,Fournier,Julien,615241362,julien.fournier@yahoo.fr,password
20,Lopez,Sarah,663958430,sarah.lopez@gmail.com,nature
21,Brun,Hugo,636065426,hugo.brun@free.fr,hugo00
22,Lemaire,Antoine,620390289,antoine.lemaire@free.fr,antoine00
23,Mercier,Manon,622742777,manon.mercier@yahoo.fr,password
24,Mercier,Thomas,646409758,thomas.mercier@outlook.fr,balade123
25,Rousseau,Clement,611307338,clement.rousseau@hotmail.com,marche2026
26,Gauthier,Marie,613093416,marie.gauthier@gmail.com,soleil
27,Martinez,Anais,634732388,anais.martinez@gmail.com,balade123
28,Vidal,Lucie,684338353,lucie.vidal@yahoo.fr,azerty
29,Gauthier,Thomas,652921007,thomas.gauthier@free.fr,nature
30,Brun,Guillaume,638531688,guillaume.brun@yahoo.fr,guillaume00
31,Gauthier,Pierre,668714199,pierre.gauthier@free.fr,marche2026
32,Dupont,Loic,692695110,loic.dupont@yahoo.fr,balade123
33,Brunet,Kevin,621736366,kevin.brunet@gmail.com,balade123
34,Gerard,Pierre,674508253,pierre.gerard@gmail.com,marche2026
35,Sanchez,Loic,629729012,loic.sanchez@yahoo.fr,azerty
36,Gauthier,Loic,660925220,loic.gauthier@hotmail.com,marche2026
37,Guerin,Julien,673351237,julien.guerin@outlook.fr,password
38,Boyer,Florian,614701305,florian.boyer@gmail.com,password
39,Morel,Matthieu,694684199,matthieu.morel@gmail.com,evasion
40,Fontaine,Nicolas,677950800,nicolas.fontaine@free.fr,nicolas00
41,Lemaire,Marine,624332429,marine.lemaire@hotmail.com,azerty
42,Rousseau,Jeremy,611468970,jeremy.rousseau@gmail.com,password
43,Dumont,Quentin,623924073,quentin.dumont@outlook.fr,quentin00
44,Leclerc,Arnaud,635769321,arnaud.leclerc@outlook.fr,marche2026
45,Dumont,Arnaud,630594778,arnaud.dumont@yahoo.fr,nature
46,Lefevre,Maxime,645931655,maxime.lefevre@yahoo.fr,marche2026
47,Garcia,Guillaume,679688965,guillaume.garcia@yahoo.fr,evasion
48,Martinez,Manon,682794527,manon.martinez@wanadoo.fr,soleil
49,Lucas,Clement,630818967,clement.lucas@yahoo.fr,nature
50,Lefevre,Quentin,663729832,quentin.lefevre@wanadoo.fr,quentin00
