Id Propriétaire,Nom,Prénom,Téléphone,Mail,Mot de passe
1,Dupont,Manon,0613356886,manon.dupont32@yahoo.fr,password
2,Rousseau,Manon,0683197857,manon.rousseau@orange.fr,manon123
3,Martin,Thomas,0639345092,thomas.martin@sfr.fr,thomas123
4,Fournier,Enzo,0697226012,enzo.fournier54@yahoo.fr,bienvenue
5,Girard,Nathan,0610872248,nathan.girard21@icloud.com,12345675
6,Simon,Nathan,0630868105,nathan.simon@outlook.fr,simon2026
7,Thomas,Arthur,0622981052,arthur.thomas@outlook.fr,soleil
8,Muller,Chloé,0671662963,chloe.muller49@gmail.com,chloe31
9,Laurent,Paul,0694374605,paul.laurent47@sfr.fr,azerty
10,Fontaine,Thomas,0616150444,thomas.fontaine99@outlook.fr,fontaine2026
11,Faure,Sarah,0623556182,sarah.faure@orange.fr,secret
12,Richard,Camille,0657683626,camille.richard@outlook.fr,richard2026
13,Bonnet,Maxime,0632969840,maxime.bonnet32@yahoo.fr,bienvenue
14,Lefebvre,Nathan,0695899313,nathan.lefebvre29@icloud.com,secret
15,Lefevre,Antoine,0617507864,antoine.lefevre@gmail.com,secret
16,Lefebvre,Nathan,0618883684,nathan.lefebvre@sfr.fr,secret
17,Durand,Maxime,0677005685,maxime.durand@icloud.com,bienvenue
18,Robert,Nathan,0628740864,nathan.robert@sfr.fr,nathan31
19,Moreau,Lina,0688461803,lina.moreau@sfr.fr,123456719
20,Michel,Sarah,0628566572,sarah.michel12@gmail.com,michel2026
21,Robert,Maxime,0631472420,maxime.robert55@sfr.fr,robert2026
22,Lefebvre,Arthur,0689978790,arthur.lefebvre68@outlook.fr,arthur31
23,Faure,Lucas,0625374874,lucas.faure69@outlook.fr,secret
24,Petit,Léa,0668353204,lea.petit@gmail.com,soleil
25,Bertrand,Antoine,0633978249,antoine.bertrand14@icloud.com,soleil
26,Lefevre,Maxime,0678137358,maxime.lefevre20@outlook.fr,password
27,Fournier,Antoine,0681182864,antoine.fournier77@outlook.fr,bienvenue
28,Martin,Manon,0658718453,manon.martin40@yahoo.fr,manon123
29,Dubois,Cray,0686149359,cray.dubois11@icloud.com,bienvenue
30,Lefevre,Thomas,0681498611,thomas.lefevre17@icloud.com,bienvenue
31,Fournier,Emma,0645575298,emma.fournier78@orange.fr,azerty
32,Mercier,Alice,0636998038,alice.mercier52@icloud.com,secret
33,Roux,Cray,0679467853,cray.roux@yahoo.fr,azerty
34,Thomas,Jules,0612823170,jules.thomas30@sfr.fr,azerty
35,Martin,Thomas,0694705205,thomas.martin@gmail.com,thomas123
36,Faure,Jules,0619510312,jules.faure36@icloud.com,bienvenue
37,Durand,Alice,0627758595,alice.durand74@sfr.fr,bienvenue
38,Dubois,Clara,0673481353,clara.dubois25@gmail.com,dubois2026
39,Lambert,Zoé,0657553014,zoe.lambert@orange.fr,zoe123
40,Lambert,Maxime,0696728778,maxime.lambert@orange.fr,secret
41,Muller,Jade,0624665841,jade.muller@yahoo.fr,jade31
42,Roux,Hugo,0666623995,hugo.roux@orange.fr,azerty
43,Faure,Mathis,0620117988,mathis.faure@sfr.fr,faure2026
44,Bernard,Maxime,0682556484,maxime.bernard12@yahoo.fr,password
45,Leroy,Inès,0674606833,inès.leroy@orange.fr,inès123
46,Richard,Arthur,0610289289,arthur.richard34@orange.fr,soleil
47,Leroy,Alexandre,0684593961,alexandre.leroy63@yahoo.fr,azerty
48,Laurent,Enzo,0617849494,enzo.laurent70@gmail.com,secret
49,Bernard,Chloé,0688406989,chloe.bernard@sfr.fr,password
50,Bernard,Gabriel,0620752378,gabriel.bernard9@sfr.fr,bernard2026
